-- MariaDB dump 10.19  Distrib 10.5.23-MariaDB, for debian-linux-gnu (x86_64)
--
-- Host: localhost    Database: appdb
-- ------------------------------------------------------
-- Server version	5.6.51

/*!40101 SET @OLD_CHARACTER_SET_CLIENT=@@CHARACTER_SET_CLIENT */;
/*!40101 SET @OLD_CHARACTER_SET_RESULTS=@@CHARACTER_SET_RESULTS */;
/*!40101 SET @OLD_COLLATION_CONNECTION=@@COLLATION_CONNECTION */;
/*!40101 SET NAMES utf8mb4 */;
/*!40103 SET @OLD_TIME_ZONE=@@TIME_ZONE */;
/*!40103 SET TIME_ZONE='+00:00' */;
/*!40014 SET @OLD_UNIQUE_CHECKS=@@UNIQUE_CHECKS, UNIQUE_CHECKS=0 */;
/*!40014 SET @OLD_FOREIGN_KEY_CHECKS=@@FOREIGN_KEY_CHECKS, FOREIGN_KEY_CHECKS=0 */;
/*!40101 SET @OLD_SQL_MODE=@@SQL_MODE, SQL_MODE='NO_AUTO_VALUE_ON_ZERO' */;
/*!40111 SET @OLD_SQL_NOTES=@@SQL_NOTES, SQL_NOTES=0 */;

--
-- Current Database: `appdb`
--

CREATE DATABASE /*!32312 IF NOT EXISTS*/ `appdb` /*!40100 DEFAULT CHARACTER SET latin1 */;

USE `appdb`;

--
-- Table structure for table `order_item`
--

DROP TABLE IF EXISTS `order_item`;
/*!40101 SET @saved_cs_client     = @@character_set_client */;
/*!40101 SET character_set_client = utf8 */;
CREATE TABLE `order_item` (
  `order_item_id` bigint(20) NOT NULL AUTO_INCREMENT,
  `price` double NOT NULL,
  `quantity` int(11) NOT NULL,
  `order_id` bigint(20) NOT NULL,
  `product_id` bigint(20) NOT NULL,
  PRIMARY KEY (`order_item_id`),
  KEY `FKt4dc2r9nbvbujrljv3e23iibt` (`order_id`),
  KEY `FK551losx9j75ss5d6bfsqvijna` (`product_id`),
  CONSTRAINT `FK551losx9j75ss5d6bfsqvijna` FOREIGN KEY (`product_id`) REFERENCES `product` (`product_id`),
  CONSTRAINT `FKt4dc2r9nbvbujrljv3e23iibt` FOREIGN KEY (`order_id`) REFERENCES `orders` (`order_id`)
) ENGINE=InnoDB AUTO_INCREMENT=17 DEFAULT CHARSET=latin1;
/*!40101 SET character_set_client = @saved_cs_client */;

--
-- Dumping data for table `order_item`
--

LOCK TABLES `order_item` WRITE;
/*!40000 ALTER TABLE `order_item` DISABLE KEYS */;
INSERT INTO `order_item` VALUES (12,720,5,13,9),(13,499,2,14,1),(14,21000,1,14,4),(15,21000,3,15,4),(16,499,1,15,1);
/*!40000 ALTER TABLE `order_item` ENABLE KEYS */;
UNLOCK TABLES;

--
-- Table structure for table `orders`
--

DROP TABLE IF EXISTS `orders`;
/*!40101 SET @saved_cs_client     = @@character_set_client */;
/*!40101 SET character_set_client = utf8 */;
CREATE TABLE `orders` (
  `order_id` bigint(20) NOT NULL AUTO_INCREMENT,
  `billing_address` varchar(255) DEFAULT NULL,
  `order_date` date DEFAULT NULL,
  `order_status` varchar(255) DEFAULT NULL,
  `shipping_address` varchar(255) DEFAULT NULL,
  `total_amount` double NOT NULL,
  `user_id` int(11) NOT NULL,
  PRIMARY KEY (`order_id`),
  KEY `FKel9kyl84ego2otj2accfd8mr7` (`user_id`),
  CONSTRAINT `FKel9kyl84ego2otj2accfd8mr7` FOREIGN KEY (`user_id`) REFERENCES `user` (`user_id`)
) ENGINE=InnoDB AUTO_INCREMENT=16 DEFAULT CHARSET=latin1;
/*!40101 SET character_set_client = @saved_cs_client */;

--
-- Dumping data for table `orders`
--

LOCK TABLES `orders` WRITE;
/*!40000 ALTER TABLE `orders` DISABLE KEYS */;
INSERT INTO `orders` VALUES (13,'demo billing Address','2024-11-15','Dispatched','demo shipping Address',3600,3),(14,'demo billing Address 1','2024-11-15','Pending','demo shipping Address 1',21998,3),(15,'demo billing Address 2','2024-11-15','Pending','demo shipping Address 2',63499,3);
/*!40000 ALTER TABLE `orders` ENABLE KEYS */;
UNLOCK TABLES;

--
-- Table structure for table `product`
--

DROP TABLE IF EXISTS `product`;
/*!40101 SET @saved_cs_client     = @@character_set_client */;
/*!40101 SET character_set_client = utf8 */;
CREATE TABLE `product` (
  `product_id` bigint(20) NOT NULL AUTO_INCREMENT,
  `brand` varchar(255) DEFAULT NULL,
  `category` varchar(255) DEFAULT NULL,
  `cover_image` longblob NOT NULL,
  `description` varchar(255) DEFAULT NULL,
  `price` double NOT NULL,
  `product_name` varchar(255) DEFAULT NULL,
  `stock_quantity` int(11) NOT NULL,
  PRIMARY KEY (`product_id`)
) ENGINE=InnoDB AUTO_INCREMENT=11 DEFAULT CHARSET=latin1;
/*!40101 SET character_set_client = @saved_cs_client */;

--
-- Dumping data for table `product`
--

LOCK TABLES `product` WRITE;
/*!40000 ALTER TABLE `product` DISABLE KEYS */;
INSERT INTO `product` VALUES (1,'Sample Brand','Electronics','/9j/4AAQSkZJRgABAQAAAQABAAD/2wBDAAsJCQcJCQcJCQkJCwkJCQkJCQsJCwsMCwsLDA0QDBEODQ4MEhkSJRodJR0ZHxwpKRYlNzU2GioyPi0pMBk7IRP/2wBDAQcICAsJCxULCxUsHRkdLCwsLCwsLCwsLCwsLCwsLCwsLCwsLCwsLCwsLCwsLCwsLCwsLCwsLCwsLCwsLCwsLCz/wAARCADaANoDASIAAhEBAxEB/8QAHAABAAEFAQEAAAAAAAAAAAAAAAUBAgMEBgcI/8QAUBAAAQMCAwQGAwkNBgQHAAAAAQACAwQRBRIhBjFBURMiYXGBkRQyUwcWcoKTobHB0hcjJDNCUlRikpSi0dMVQ6Oyw+Ilc4PhRGN0pLPC8P/EABkBAQEBAQEBAAAAAAAAAAAAAAABAgMEBf/EACARAQEAAgIDAQADAAAAAAAAAAABAhEDMQQSIUEiUYH/2gAMAwEAAhEDEQA/APW0REBERAREQEREBERAREQEREBERAREQEREBERAREQEREBERAREQEREBERARRGIbS7M4W50ddilLHM24dCxxmnaRwdFCHOHiFBP90nZBhIacQkANs0dLYH5RwPzIO0RcQfdM2W4Q4l4wRj/AFFT7pmy27ocS+Rj+2g7hFwrvdQ2SjAc+PEWgmwJgZqfB6M91HZCS4Y3EXWFzaBmnm9B3SLh/umbKeyxP5CP7ar90zZT2eJ/IR/1EHbouI+6Zsp7PErf8iP7atd7p+yLBmezEmgcTTs+p6DuUXCM91LY6Q5WDEXG17Cnbu8XK/7pmyns8S+QZ9tB3CLiPum7KezxK3/p2fbVzfdL2RJsRiTe11KLfwvJQdqi56i2z2PrnNZFisEcjtzKsPpjfleYBvzroAQ4Nc0gtcA5pBuCDqCCEFUREBERAREQEREBEWGqqqaipqmrqpWxU1NE+eeR25kbBmJ01Qa2LYvhmCUUtdiEwigZZrQBeSaQglsUTN5cf5k2AJHj2O7b7QY66SKB78Pw112tgp3kTSt1F55m2cb8QLDvtcxmPY7XbTYjJXVOZlHEXx4dSk9WGEneQNMzrAvPHduaAI5ZtbmK1scbRuvx1/krwQNwHkqIstaXZjyHkqX7B5BLFLFABcDcWB7gfpQkusTbS+4Ab+5LFLFBRPJVsVSxUCyC4II3jdoO7iq2KWKKqXvIs4gi99wH0Kl+weSWKWKorfsHkEzdg8lSxVEAtY7e0eGilMI2hx/AXtdh9W8wBwL6Sa8lM8aXBjJ0Pa0tKi0RLHuOzO1uGbRxFrPwfEIm5qijkcCco0MkLrDMznoCOIFxfo182xTVdJPBXUMz4aymeJYZI94cNN2433EHQg2OhXumy20MG0mFRVrQ2Oqid6PXwNP4qoaATlvrlcLOb2G28Fbl252aTyIiqCIiAiIgLzb3UcVeymwzAoXlrsQkNXWWJB9HgcMjD2Odr/016SvEdupX1O2lfE4ktoqPD6aMcmvjFQfneVKs7c1YNDWgWDRZUVXes7vKoubqKoRFRVVHZfwVt0GgsCR5Hyugu4nzRWjTt7TvKILkVqXUFyK26XQXIrU1tvd81/NUV7O1CqDQWCXKgoiqqIKjQjlxXQ7DYq7CNp6Wnc+1JjQFFM2/V6fV0D7c79X45XOqypkkpfQqyLSSlqIKiMjeHRyBw+gKztm9PpdFRpDmhw3OAcO4i6qujmIiICIiBZeGbagx7bY6faQYbIPCmjZ9S9zXiPugsybYzH22F0UnkXM+pS9LO3NHUnvKonEoubqISBqSAO1ZIYZqiRkULQ57rnrHK1rRve93Bo4n6zY7r56DCQDFaarA1ne31T/5LD6o7d/aNy1JtLdMUWHV0gD3sbBGRcPq3GK45tZYv/hV5pcLi0mxO54iCEW83vv8yjJarEK1znOcQ1xvdxNj4KwUw/Klefg2ATUjO7UqIMHebRYjIHHd00LCP4XAq2fD6qFjpWmOeBou6WAkhreb2EB4Hba3ao30dltHPv2kFbFBW1VFUxxl7sjj1CCdO5X5Tdna1FJYlTRNENXA1rI5nFksbRZscwGa7Rwa4agcCDw0Eas1oWenpamqLhCwFrLdJJI7JDHfUBzzx7ACexWQxGaWKIOyh7gHPtfI0aud5blIYhUvihip6RnRxtu2FjTcNG8uJO8ne4qybS3TG6kw2DSpr3ufa5bTRtaB4yXd/CFZ/wAAJt6RWN7SYnfN0Y+lRQpy4l0sjnOO8DQeau9Gh4Zx2hx+tPifySooIZtaSugk5MmaYnftAub9C1ZoKincGTxPjLtW5rZX9rHAlp8CtLoZWaxyG43X0PmFv0mLzRfg9YwSwOtmZMA5p7bfWNVdS9G7O2BFIVVDH0XpdE4yU1gZWOOaSC+gJPFnbvHHmY9Zal2LBiBLqVrBvc6Ng8XLOrXM6WfDIva19HGPjSWQvT6Va0Na1v5oDfIWVU/mUXRyEREBERAXj/uo0z4sfwGttaOrw2WjB5yU0zpD8zwvYFxnujYPJiez0tRTszVeESjEYgB1nRMaWzMHxet8QIR4+qWVI3tkYx7dzgCFe31mj9YfSubqkI/wSkdb8ZMA+Y8bDVrO4fSfKJ6PO8yS6uJuAdwUzKLwuJ1Abc+AuorXfxWr8Zn37RERZbFfFEJJIyQTkeHgAgEkcLnTvVrWve4MY1znuvla0Ek236BbbxDRxku1kLQDmsSSNfVGgHIa8zybZGcr8XVE5dA+DpI39eN7mtHqlpIBab358Fopme67n+s45j2DgES9k6UMrocrw7LZzQTYGwPepGUielc8FrnNyuDm8W3GYEcDx7QDyUa5oe1zTuIsr6KpDHGlqCNbta5wuLHgRyP/AOsRdWdJl3tRFsVNK+H741rugOWzrhzWl35JcPmJAWustQVr42yNLXDuPEHsVyKDYwaqmp5nwuNwLix1a5rhYgg8CN6vr6ZlNUObHfoZGiaC+to3X6t/1TceHataEWqYXDeWuafDUKUxAZ6Smk4wyuiPwZG5gPMHzW79m2Z8ukTZbmDUz63aPZSkaLl2K09Q8D2VM4TPPkCtRdr7mOFOrMVxLHpG/g9BGcOonHUOqJQHSvaf1W6f9QKRcunryIi25iIiAiIgIQCLHcd90RB4ZtfszJs1iL5oIz/YmITOdRuFy2knd1nUzzwG8s5jmWlQUQvIzkCXG3IC6+h62hocSpaiiroGT0tQzJNFJfK4bwQRqCDqCDcEXGoXjWO7LybNYhHEypFRQ1UVRJRGQ/hMbY3Ma6OawsbZhZw38hxmmt/EYx4noqh4FiI5AQTuLNCo3vUhRC7MQi/OdIG/Hj0+daQIicx8g0HWAPEjUHVS9mLbhoWZWy1T3tDhdkMdhK4c3uOgHh/2z5KAaCijI5vklc7zv9SpmLtSeAJP1LEZmgnTqA5S+4sDe2U8b7rDirNLlMpq39b0EdJlkZSsEEz/AM8lwfb8nOdbdigJWVJqJfSWua6NxbkPPnytyUuLjrA2LSCOd78ErGNq29Iy3TRMJNt72DUjvG8Kb/pbjZq5fqJRVsllhpRYpoukFxo9vqn6is1lXqNyufbLma2x4k8FUvSTwn0htL0lZpE8ZYonAOfI08XA6WPDz78lqJtwyhpgL/3jTI4+LisUcxnaHXuAS3hpZWyzCMtb1cztQHOazMAbHKXkDTeddy382x62Y+34yup8Pm0dF0DtwfCTkHwozoo+pppaWTo5LG4zMe31Xt5hbzH9Ixjhl61tQbt7S08RyValzZKQxu1dC7PGeIF7Ed38lLpqSye16aFMzPMz9UErdMhmpsRiLQDG1k0eu8RvAcfpWvRiz5DybZbEDS6eOEPaz0pr6XO8FzWGcZA8gbwCb+CTpm9tKhw/EMZr6bCMObmqqk9eQ3yUtOLZ55SNwA+kAakA++4NhNFgmG0OGUbbQ0sQZmPryvPWfK+3FxuT38gtLZvZnC9mqMwUoMtTNlfXVkoHTVUg4nfZo1ytB07SSXTqsmkt2IiKoIiICIiAiKjnMY1z3uDWMaXPc4gNa0C5JJ0sEFdF5Rt3X0lXjsMVPURStoMP6Kfo3hwinknc5zHEaXAa2/eq7Wba1Nb09BhEr4aHrRy1LLsmqhuIYd7WHwJ7AbHhaFhLqlrQNA02OlxqPm4INiGXo31z2kGzGyt5Xbdc/K7JJIQdCXZbnXK43CnJ29C2a+hdGWgXBNjrd1tPD+agWxXkEhOhtcW3i1lBN0FbHPGyN7gJmANIOmcDQFv1rcMMRkEhiYZRoH5RnHDfa6hDRtIa+M79bHd4LIyCrMcxzyBkQYXjO7KGk211W5jazuRI1VZDTtLcwdMRZrAb5f1nrTpcSMNRE43LWau7Vpvpnsc9p3hxGixvDWMN/W4dp5JcbO1llbragU9dQyzdHU0GIOkeYQ4tfCw1EkBYHNOYOba47CNDeyz4pHPQzsEEjJ6WoBdSyFgEh1sY5ADbOLjsNweNhBU4zTtNwWxHMSL2JBvcXUhJO85NSQ14f2A2IusWNStuvnZQ0ULGZJK+oeRNNlvHAxoB6OFp0vrq4jusot00j2NDnuc5jzq4WJ15BVqi6WIEXvGcw524qylET3tBdfOL2dvD+IPfwTRtu0Nd0D3Mlv0UhBJGpY7nblzU0OhnYLZJWGx3B4UM6nadLbtxG8d6pHSTOcWsJvkc7S4Nmi/BbmNrNsialmggbmme1gG4H1j2NbvUPPWOnbUkdVjmgWv6rLgC55rBJSvBBJ0c1rgd5IPeqVMJbA2Flg9zhJLffYDqtP0nwS42dku2/hbzlkaSSbX1N9+nFSDnC8RbmzNcCOq4XI5XCgcPkMJyvuNwI4+C6EtkcxkgkYYy4SAtG83vy07dSsq96ppmVFNTTNLS2WGOQFpBBzNB0IWZeNbP7QYjgs7xE4y0UkpfNSvd1DmOroyfVd3b+PZ63QV9HiVLFV0kmeKS4sdHsePWZI3g4cf5G5DaREQEREBERAXnu3uOva4YFTPsCxk2IuaTezusyDuOjnd45kH0JeBV1W+vxLFax5JNRVySDfo1zi5oF+AFgO5BpSi91osnfTzSZHWcWgHQHQi/FSL230UCHOlqKp9yWGQgcrN0CDPJO+Zxbcm9y4k6nmrC1oBJIa0C5J3AKxoy1DAfy2uA+kJXdWJjbi73g24loB17kn2jYpK1zXhrGNMWpLZNS7TeOS7DAKSCvjrW1FK5kLmSlzwbl7xHbLG1wtxAGvG/YuGorB7bi7bHMBa9rcL6L1vY4wTdaZjrgPALnSOBjHR57X7ejv2hy+xx4YzjuWnyefky95jP159ikjIppj0TC95vla5xY13CxIBIUGYzUn78Xty6NcwDIfiru9pqPB2V1TPHI0xtLujjBGt7i5+dcPPXMbJIBFdgdZlnZbADuK83k4zW49PjZWzVXtgjibZr2236XJJ5nRXHcGjQA313k8ytT09vsP8AE/2p6e32H+J/tXz3ubpDHjU5XcdOr8y1ZKekjJe/pSd4bD1bntLm2Cs9Pb7D/E/2qvpzXXHQbwd77j/KrEbdHWvLg2RjSy4y77tHAEk3PmuowOJtXXNYIIjG7ow55kIDIzKz1gBfXf4WXNU0MEro3ROa192nK6wB14Lv9lYYm1EIkjcGgs6NxLgHSdYtvYHX19ztwC+twYY+ttfL8rkyxuo5TGr0lSYoIo2QQAwsc5rhI9jbnMQ7cTc6a201O8xAc2UFw3i2YHeCdV3O3kWFmszUsjToHS6/lZQbct1l57TECqLXO9dpAvxde4XPycZ6TKR18XO23G/jNIwNDX7jmDL8NQTqtmCrfExzHOdlOpAOh8FZO2/o8Y3ySk27GtP81p1cb2aAuFrg2JGi+a97qac3DXWPWAOuh1C6fZzGX4RWxl7j6FVObFVtvo2+jZR2t49l+y3KYdJ01LSyXuXRtDvhN6p+hb8n4qQ/mjN4NNyg9zvdFE7OVLqrBMKle7M8QdA88S6BxhufJSyAiIgIiINTE5jTYbitQ2+anoauZtuccTnBeBQbpRxbK5p8AAvfMTj6bDcVi9rQ1cf7UTmr5+tPG5szGl3SNYJY9xksLB8ZPHmEGeZ2SKV/5kb3DvDSVC0TPvVzvcSVKSzRVFNVMideQwyjozpJfKdMp1WhSAiNjcpvbdY3QYa5pZ0Mjd7T/wB1gro5DLHLY9HJHGGng3S5BUu6mEoyyDq6EjiexZTG0gggEEWsRceST4IamcI3aiwtYnS/zrscGxQUbZ3ODWsbFUB4b1XB/QuyuY/WxvYi4O5QbKanY7MImk7xmuQDzAKzC1ntyizgL242Xtw8m4zTycnjTO7YMTrZyXMdJma0FhdlAJtoDc3O7t+hc28gldJLTQzX6RpIJvYEi/lqqsp4YxZkTGjsaNe8nVcuXmvI7cXFOOajl0XTytyRvc2LO4DRrWi/K9rcN63GQYSWMLp5cxAJ+8217sixx8V5OrP9ulz5Jh24xAbG67KaGgDPvLi89XVzC2973Fi0bvrWuYoyLFjSDvBaNfmWc8Lhl61rDL3m4jKCqmjyBjhlBGjmMdb9oLqcGxF8dVE57gQJYek6QvsYzNGCeq7SwuNOfnCsoqZjy9keU8Q0uyn4u5bLAGG7RrYjS/Fenj8m4TTz8vjzNjxqqbNPLI0lwle6YZiM4jkc42JBtw4fXZc82OWadjIgcxcHX/NAPrHuXQyU8cmUPBIa0NaN1hv0O9XRQRRDLGxrQd9t57zvWeXnvJ21w8E4ppqxNMuIEkHJTR2HK5F/rKsrIwWyHsJUmxjW9IQ0Bz7ZjzsLarTq2uDXXadQeBXlehmwB5dRuYf7qeRo7nAP+sqZdbo5b7hFIXHkA03UJgmWnpqqSdwijdUXa6U5AQGAEtzalbz5TWN6NgfHQu/HSvBa+oaNejhYetlPE8u9B6nsFOZcDLTf71VyAXvuljjn+lxXWLkPc/cZMFq5SLCXFastHJrGxxAfMuvQEREBERBa9oex7Due1zD3OFl4hRwBplpZ42nopHwyMeAQHRuLCCD2he4rzrafB3UOJvxGFv4JiEmaSwNoqu3WB+H6w7b+IcnWYHQTDMMzXW0D/vgHc4kPH7ShJaCenJEVVO1o4NlzN/ZlB+ldjIOp4KArB1neKCIDcTvpUh3w6eEnza4K7o8UP97F+7t+2tlu9Zgg0OixT2sX7uz7adFintYv3dn21IIgiJaLEpXF5rJWEgDLEwMYAOQEirFRYlCSRVvfcWtNGHgcdA6QqWRBEzvr6dodLMwNJ9YUrS0d5D9Fh9MqD/4qD5Bv81N2vv3LAaKgcSTSwX+A36Agjoaismf0cU8b3bzlpWkNH6xzWCzSU+JyMLDUBgNruiha1+muhEl1IMZHG0NYxrGj8ljQ0eQVyCG/s7EP0+q8b2/+VbWTFPbR/uzPtrf0VLINHJiftov3Zn9RVy4oP76L92Z9T1uqnBBoufiI31TG/BpIz/mermCqms11bVkX16PoaceUYJ+dVl3rJSDrBBJUWDUhcJX9Z4sQ515JL/DmLvmAW3WRRRRuDG2uLEkkuPe46rapB1QsseG1GMVtPh0BLemOaolAv0FM0gPkPbwbzJHgHbbCQOh2Zw1ztDUyVdWAR+RLO8sPiLHxXTrHBDDTQQU8LAyGCOOGJg3NjjaGtaO4BZEBERAREQFinggqoZaeeNskMrcsjHbiN+8a3G8FZUQef4vgFZQdLJEHz0QuWytGaSIcpmtF/jAW52XE1zCDe2h3EatPcRovcZC92jSQOY3+Cga7ZnBq8vdJT9HI65MtK4wvJPFwb1D4tKDxxm9ZxwXdVHueG5dSYoAODaylD/DPA9n+Vax2Cx4bqvCHDmW1jT5AH6UHHouv94eP/pOD/wDvfsqnvD2g/SMH/arfsIORVF1/vD2h9vg/g+tH+mU94m0PtsH+Urf6aDkEXXe8TaL22D/K1v8AST3h7Re2wf5Ws/pIORRdd7w9ovbYP8rWf0k94e0PtsH+UrP6aDkVRdf7w9ofb4OPj1p/0094W0H6Tg/nW/YQcgqELsfeDtB+k4P51v2VT3g4/u9LwgeFaf8A6oODl3rPRglwsL68F3Efub1j3XqsWpmN5UtHI93g6aS38KnKDYfAKPKZWT1rxbWseOiv/wAmINZ5goOawjD6/ET0dFFnANpJ33bTRfDkG8/qi57t49GwnCaTCYHRxXfNKQ+pneAHzPGg04NH5I4dpJJzwR+jsZHGxrImDK2NjQ1jRya0aBbV7oCIiAiIgIiICIiBYclSw5KqIKWHJVsOSIgWHJLDkiIFhySw5IiBYclSw5KqIFhySw5IiBYcksOSIgWHJLDkiIFhyVLDkqogWHJNERAREQEREBERAREQEREBERAREQEREBERAREQEREBERAREQEREBERAREQf//Z','This is a sample product description.',499,'demo earphone',12),(4,'Sample Brand','Electronics','/9j/4AAQSkZJRgABAQAAAQABAAD/2wBDAAsJCQcJCQcJCQkJCwkJCQkJCQsJCwsMCwsLDA0QDBEODQ4MEhkSJRodJR0ZHxwpKRYlNzU2GioyPi0pMBk7IRP/2wBDAQcICAsJCxULCxUsHRkdLCwsLCwsLCwsLCwsLCwsLCwsLCwsLCwsLCwsLCwsLCwsLCwsLCwsLCwsLCwsLCwsLCz/wAARCADTANMDASIAAhEBAxEB/8QAHAABAAEFAQEAAAAAAAAAAAAAAAYBAwQFBwII/8QAUxAAAQMCAwQECAcKDAUFAAAAAQACAwQRBRIhEzFRYQZBcZEUFSJUgaHS0wcWMkKTlLEjM0ZSU2KSo6TBJENVVnKCg6Ky4eTwJSZEc9E0NbPCw//EABoBAQADAQEBAAAAAAAAAAAAAAABAgMEBQb/xAAtEQACAQMDAwMDAwUAAAAAAAAAAQIDERIEITETUWEFQaEUMlIiI3EzkbHB4f/aAAwDAQACEQMRAD8A6oSbnU96XPE96Hee1FIFzxPelzxPeiIBc8T3pc8T3oiAXPE96XPE96IgFzxPelzxPeiIBc8T3pc8T3oiAXPE96XPE96IgFzxPelzxPeiIBc8T3pc8T3oiAXPE96XPE96IgFzxPelzxPeiIBc8T3pc8T3oiAXPE96XPE96IgFzxPeiIgB3ntRDvPaiAIiAXQBN+5Q3pb0zGB0kBw2KKoqauWeGCaa5gYIWtL5Axti75QDdQOvcPKivRLpF0qxzGqqOuxCpqIGYZVVD4GMYyIOD4o2EMhaALE6KyjvYmx1yx4d6ekegg/YoTMJWCV7g8BjXvJdcfJaT1rCw+NzaGk0PlML9Pz3Fy26PktidDsUsVCGNdwPrV9rX8D606PkjEmFjwSx4KKBr+DvWmV/A+tOj5GJK7HgljwUUyv4H1quV/B3rTo+RiSqx4JY8FFMr+DvWmV/B3rTo+RiSux4JYqIua/g71qy9r+sH1p0fIxJpYpYqD5X8Cqhr76B1+V06PkYk3sRvBRQHHKnFaDo5jFXRTVFNUQeBubNHcOax1TGx4BItrdR7o18IePtrqKhxYsrqeqnipmzOayKphfI7I12eMBrhci92356WOcoWdiGjr6KxTVVPVx7SF1wHFj2nR8bxva8cVfWZAREQBERADvPaiHee1EAWh6U4gKLDhEJBGax7o5JHOyiOmjbnmcXcNwPaVvlBemLxVYrhdG8gwUNIKyRmhD555XbIOHBuzLiOOXgrRV2SiLYnRu6Qvw4u2tLh9DFKyIuaBVVTpXBzpdm7RjbBobcE6XIF7C/S4FgtI1wjgeS9obI6WedzpADcB4Dg239VZzS5zmsYC5zjoOsnmr8gwqlNq6aWWbT+DUts2v4zjoP96LosnuaWMA4dgliPA6PUEX2UeYX00da9/SqNw3BGta0UVEQABd0MTnG3FzgST6VtonCQF1N0aa9u8Onkkc63HVzPsVqfERSffsDo4tQPKZPa53C5eR61axOxgeL8F8xoPq8Psqow/BvMqH6vB7KyhjMPXhWG/oy+0vfjiH+ScN/Rl9pLEbGF4vwbzKh+rweyq+L8GP/AEND9Xg9lZbsXhtfxXhoHHLJ7SyHTs2TZJMHpw12v3KSZjmjiQbj1JYnY1vi3CPMKL6tD7KeLcI8wovq0PsrIbJh8x+5Okpn9TJnB8RPDOACPSEeHMLg4EEaEHeCgMfxbhHmFF9Wh9lV8W4R5hRfVofZV3MqhygFnxZg/mFF9Wh9lPFeD/yfRfVofZV/MqhyCxY8V4Nb/wBvovq8Psp4qwb+T6L6vEP3K/mVcyCxjOwfB3skj8FY1kjSx7YnSxNc09ThE4BaefonTxSw1WGTvhngminjiqHGWAvieJAC620Go5qR5lUOUNJiyL2CYzbGY2mOSnNW9tLW0kpBMT5CTDI1zfJc2+jXDeCdxFhP1yvEWmNsNfED4Th0jaqMje6OJwlkiJ4ENuOYC6mHNeGvYbse0PaRuLXDMCsanJnJFURFmVCIiAHee1EO89qIAue9JA5mO1jj8+npC3+iImj7broSgnTJkjMToJrNEctCGHQ5i+OWQb91rEX9CvDkmPJqmVApKSsrT8prXMjNt1gNR6SFHp8Wjwq00422Iz/dWxON207XagycXH/dhqdy4tfh72u+SyoiLuzbRFc8xOSWSvr3SfL8ImB5AOLQPQAAtpyxWxeTsbuTpljjzpJIB1BsrmAdjWj95VXdK5q2LwXFYjU0pfG+z3u2jHMN2uY8WNx2rS4fHE6Vpkgpp8zXBjKuodTwB1973Nc30eUFYqWsEshjjbEwvcGxskdK1oHU17tSOGqxvNK5nkTEVMd4JYn7SkqXZIpPnRS79lKOfV3duUJFFcElc91dROJ2c9LJKB+LLDlcx45/+BwW+2ulyeZW8ZZK5e5IMF8GlxClbUEZRncy+t5QPJ077f5KW/8ACYJHuLnOmcMpaToAd+nFc2glL3tbG175LjK1jXud2gMF1udvjuTWOo/Fz7KPadmbaZ1WcHJqzJTK4p4NFXVbKfSPOCG6eS4tBc3TTerdPOXWY43yCw/7ZNiPRvC1UsrmTPje0seAHOY5rmuBPWQ/XVXaWUGUC+9kg/uEq67BG1LrEi+42TMrLneU7tVMygsZGZVzKxmVcykF8OXoOWOHL1mQF8OVQ5WA5eg5AKlw2Et92Ug9nWui4aHNw3CWuvmbQUQdffcQMBXM6raPhMcWXaSuZEzNe13nJ1a9ei6sGtYAxvyWAMb2NGULGoUkVREWRQIiIAd57UQ7z2ogCiPTeN3g2Fz/ADY5qiIn+mI5B/gKlyj/AEvhMuBzuH8RUU8v6WaD/wC6tHklHPwc9FiMd/4tzh2hhePsCiWI0jqt7qqnGaci9RC35Ty0W2sY67/OG/v0lNK7Pt2dUkQ9Zy/vUZc4aXNrde4ghbSV0WZow97CQCWkEhw3EHmCqFznuFyXOOgA1J5ABSV1PiE0G3dRunizNYHy07ZnuLr2DbgyHdwVyjo8Ue6UU2HyROjYHvyUjYH5S7LoXBrj6Cs+m+CtjEw2mfRMllnGWqqI9myI/LhhJDnOk4F2lgspzppHRxQgGWV2VgPyRbe51uodf+axWyN8og6lzr631vqru0LKbEpGX2raRwYQdQ17g1xHoV1ZIkvjpA3CWup8PO1mzEz1RtdzzoRHfQNHVb171Z+N+Nl19tLcdXhD791repR+MXF+JN1smx1Xg5Y2aLwcn5ZmhEYZvIdGfumb+qoV3uUcmuDZMxymxCYuxCJrKqSNsLatoGfKCC0SWsCBxt6QsqjdJHUviksHsDr2Nw4OYbObyKiUjQ0EjqOhPapJh0jpIcLlebvMM8VzvcyNxDSVMW72ZeLuSB7vKf2qgcrLneW7tKBytcuXw5eg5Y+ZesyAvhy9Zljhy9ByAv5l6Dlj5l6DlNyTNoGbfFcEg3h9fTvI/Nie2Y+ppXT1znoywzY/Rnqp6arqDyOzMI/xhdGWE3uZy5CIioVCIiAHee1EO89qIAtdjkO3wfGGcKOWUdsNph/hWxXmSNs0csL/AJM0b4ndj2lh+1AcUp5MknY2Rv6O77FpiIYJqypqPvNPO9jGdckmYkNH+/s12JLo5Xg72PII59YWpx3yoY3MHkiXNJbrc5gbm9R710N7F3wWpukeLSHLG/JENGRsLwxo7GkLzF0ixuFzXRzvbbUFjpG+rMR6lqo7Ecwdev1LNqppZxDtKhsuUEgNh2eS/wA08Vmsnvcycnc2EdXBiEbmsiihq255ckbQxkpOrrAaAn/fK3FOWEOsHAtc17HbnscLOaVqKZz21VMYr5tvGG26/KAWzqHNE9Rl+TtZLfpFTF3NLmNLSSMc6SjvNCdS0ayxjg9g104hY+3INjGQ7dY7/suspxsC4XzAEgjf6lYNZXjdVVH0j/8Ayobx4KtXPcdLUzlr5709ODcvkaQ48o2HyifRbmt1SyNdPA2NpZFHHsoWE3LWNad54nee1aeGR7255HOc+5GZxJJA571taBji8zuFm3LGfnO3utfh+9Wj3LI3bneU7tKpmVjPc9qqHKSxkZlUOVgOVcyAyMyrmVjMqhyEmRmXoOWPmXoOUglvQiMvxDF6g7oaSCEds0pcR+rU7UP6BxfwHFqk75q9sQP5sMLHfa8qYLGXJm+QiIqkBERADvPaiHee1EAQGxB4WPciIDiWOx+DY1jUIFmsrqjKPzTI4t9Vlq5A2RrmuAcHAtc12rSD1FSLpxHsekle61hUQ0s7eeaFjCe8FRrMtVwXRqZsMe1xdA+wufJkJBHY4Cx9SseB150OQDiZWW9Rv6lvcyXCjEixiUeHCBu1FTSeEEENL5CBECLXaA068z3L14vPnlH6ZXeysm44BLjgrKyJMfxc7zyi+ld7K8HCoibuqaP0PkPqa1ZdxwHcqgjgFOwsW46Oijtme+ci1mRtMUXYXO8ruAWYCdCQ0WGVrWCzGN/FaFZzKuZRckv5lXMrAcq5kIMgOVQ5WMyrmQF/MvQcrAcqhyEmQHIX2BPAEqxmVJZMkUrjua0nuUg6t0Lh2XR3D3ddRLWVJ5h872NPc0KRLXYFB4LguBU5FjFhtGHD88xNc71krYrFmYREUAIiIAd57UQ7z2ogCIsatrKegppqqc+RHYBoIzSPcbNY2/Wf8+pAc5+Eink8aYLNGxz3VFC+FrY2lznGCVxNmtF9M4UQpsOxCrdLHA2ndJEzaSxmrptqxlw3M6Nry+1yB8nr5rbfCHjeJVMuEUbpjHDJRyVc0UPktO1mdG1jiPKLQGbidTrbhrOhMlDBUY5UT1FPCBh8NPHtJGtLnSTteQxu86N1sFtFbqLLrsXvEeKdZpR/avP2MVRgWJH59J9JJ7tb51ZQkkicEcWw1Lh/djVW1dFf7676vV+6XRhEtsaRvRzFjukovTLL7tXB0Yxk/wAZQ/Sy+6UhjrqDrnI7aer90sltfh3nP6ir90mERsRcdFsa/KUH003ulX4rY1+UoPpZvdKVjEMN85H0FX7pV8YYb5z+z1nukwiNiJ/FbGvylD9NL7pV+K2NflKH6ab3SlfjDDfOf2es90q+H4b5z+z1fuk6cRsRP4r4z+UofpZfdKvxYxn8pQ/Sze6Uq8YYb5x+z1nukOIYb5yPoKv3SYRGxFfi1jA/jKH6WX3S8no9ird8lH6JJfdqUnEMN1/hI+gq/dKw+uw8/wDUfqKv3SYRGxGjguIt3vpfRJJ7C8Nwutdms6DyXFpu941H9Rb2SsouqY/V6v3SxY6yiEtS3bbnMd95qPnN6xs7j0hMIjY1zsJxJkU0zhTCGFmeWR1RHGyNtw27nTFo6wN/WsCWGWVkMYAc2pnhpWSRubJEXTPEYAkjJZfXipJXVeGTYJ0hpjV04lkw6R0bJHGNz5InsmAaJQLnydFzqhxCow2qgrKOUsfFLHI7IbteGPDsr27iO0fYsalouyKs+nA1rAGN0awBjRwDdAqrT4bjDamokoZyBUNa6SB+4TxDU3/OG88Rr1LcLBpp2ZQIiKAEREAO89qId57UQBQ7ppWbJ+DUoDnl3hFSIQ9rBI8DK0uc7yQ1oDy5x0AueTpiuOfCdiEwxCrhacpMVJhjSN4gZE2vmA/pukiv/wBsKU7O4RocQxRuKYmxtDh8eLYm5kdNC90EklLGyIGzKSkOrgLkl8l76nK3cNzT9FfhIqmMM+KQ4bH+RinMJYOAiw9mz/vKVdDcEpcGwajl2bfDsQgiqqyUgZ7SgSMhB35Wgi443PZIXOXbToZbyPTo6TJXmc8PQPpIfl9Kpr8vC3esyBeT0Ex8fhTP3VXvVP3PtdWXS811R0kH7HbHQUuxBT0Gx4fhTP3VXvl5PQjHh+FFR3VXvlNXTK06fmtloab9jVen0e3yQ74k49r/AM0VGguTapsAN5JM1lhno3OCQ7pxTAjQg1RuP2hZvTp+JyYbSCmMhpGzSOr2xXufJbsjJl+aPK5XtyXNO5cGojTozwx+WeZqY0qE8FD5ZPfi5L/Pil+tf6hPi5L/AD4pfrf+oUBRc/Up/j8s5urS/D5ZP/i5L/Pil+t/6hZEPRHFKhrnwdLzM1ps50Ek0rQTxMc5C5yLXF93Wt70c8O8eUD8LErGtmjNQRcsbTXG0EpGmUi+/rt1q9N05SSx+WXpypTko4c+WS74k47/ADpqO6q98q/EfHj+FM/dVe9UtbNzV5s3Neo9DT7Hsv0+j2+SGjoJjx/CmbuqveqregGOhz3t6Tyh77ZnBtUC62guRLdTdst+tXmyDisno4L2M5aCl2IG7oX05hF6PpOZCNzZamuiB5W8tqj2LU3SLDD/AMyYNT1VNI7IK2KOKOQk/iVlIB5XAPB7F2Rr9y9SRwVEUsE8UcsEzDHNFK0OjkYd7XNPUuaemS4OWpoo2/Sc7wvHmSzYPWsl2gp6mliExaI5bts10NVGNA8tzWcPJfY2ykFq7Ad57V894jhviDpPXYRC9/gVc1kVPmJLhHVNElO4n8aN+Ug/mc13jC6o1uGYRWOFnVdBR1LhwdLCx5HrXFLyeVJNOzMxERUKhERADvPaiHee1EAXE/hThLMWbISPuj2ygdZa+kp4ge+Mrti5b8LFKXRUFTYfe4hfrtFLIwj9a1ASrDp2zYZhMzbZZaCikHY6BhXqSSy0fRar2/RvAX9bKU05/sJHw/uCzZprX1X0Wnp5RTPp6CvBMuSTLGfPv1WLLPv1WHJUb9V6cKJ2qxmvqOasOqOa1z6jmsd9TzXQqVi2SNm6p5rFcKMkk09MSdSTDET/AIVgOqeatuqeanpJ8lHKL5NgW0Pm1L9BF7KZaLzal+gi9lazwjmnhHMKOjHsUyj2NoG0Xm1L9BF7KyY5Y4xljaxjb3ysa1re5ostIKjmrgqeadKPsiylHsb5tRzV9lRzUfbUc1kMqeaOlc0yTJAyfdqsmObco/HUc1mR1HNYSokM38cu5ZTH3stJDPe2qz4pL2XBVo2OecTm3TaVj+mlDYtHgsOFbQk7sg8IN/QV2bB4XU+EYJA7R0OG0ETgdPKbAwFcRxAHFOneKtb5QNW+jH9VjaFtvTZd8sBoNw0HYNAvm5/cz5aq7zYREVDMIiIAd57UQ7z2ogCg/wAJdLtsA2v5J0zey7G1F/1SnC0HS+mbU4BiLCNWmFw7Hv2DvU8qVyCAdCKrPgGyv/6atqYx2PDJR9pW2nn36qG9CKkthximJsGvpp2jmQ9jvsat9Uz79V9f6bHOhGR9DpKn7UT1LUb9VgyVG/VY01Rv1WFJPv1XsYpHQ6yRmPqN+qx3VB4rBfPzVh0/NZSmkc0tQZ5qOatmfmteZ+a8GYrnlWSMHqTY7fmm3Ws23NNtzVOuiv1JtBPzVxs/NagTc17E27VWVZMstSbls/NX2VG7VaNs+7VX2T810RmmbR1Jv46jmsyKo3aqOMn3arMiqNRqtrJnTGumSiCfdqtvSzDPFc6Zmk8gDcqJ09Ru1WxkrfB6DEqgHWGiqpG/0hE4N9dlx6imlFstKorXIz0JYcS6XGqOu1rzUO+mdW3/AFa7wuM/BRSh+JVNRb71FUO9LWRwj/5SuzL4R7nyzd3cIiKCAiIgB3ntRDvPaiALCxaLbYXi0Vrl1DUlg/Pawvb6wFmoAD5JFw7yXA7iHaEID5zwSUUmO4jBezZRVwtHUSx+0b6gVu6mo1OqjeK58N6QTuIsYJ4y7nZoY/8Aes+pnBJsbg7jxC+v9EmnRlD3T/yddKtjHETT81hST81ZlmvfVYrpN67q1dRIlXbMh8ysul5rHc8rwXLyK2rMHUbL5l5ryZTxVi6pdefPVMrky/tFTaKzdUusvqWMmZG0XoS81jXS60jqmMmZjZSrrZlgBy9h5XbS1ZZVGjaMn3arLin3arSNkWRHLay9ejqFI2jWaJJTz7tVdxms2eCVzQfKnMNO3nmeHn1NK01PPqNVZxyrzxUdMDuL6h/afIb+/vWmvqKGlnLxb+5rLUNxaOkfBPTBtFiNTbVzYYweb5ZS71MYumKG/BzT7Do7G/LYzzgn+zgiafXmUyXwbOEIiKAEREAO89qId57UQBERAfPvwh0xp+kuIaWEj5JB/aPM32OC0EdSXwtaT5UYDe0DcVOfhYpdnitHUDdPTxOJ5luy/wDzXN2uLSCF3aLVvS1MvZ8kMyXvJurRKqdW5hu3HkeBXgr0dRqMt0yu5QlUuiovInNssVVERYORIREUXYCqqIpUgVVQV5VVrGbRB7BVxr1ZC9tBcQBqvT09Z3KmZHMG6k2A1KxJHyVU+b50jmsYOA+S0Ly9/wA0HQbzxV2gaX1tGBvEzH/oHP8AuVfUNb10qUeF8v8A4TG/ufR/ReEQYBhDbWzwvn9E0r5B6iFuVj0UHg1HQU3m9JTQemONrD9iyF5BYIiIAiIgPeUcEyt4IiAZW8Eyt4IiA5T8LzGCPB3WGaxF+uwc+32nvXIURGC7TkiWIdTntY4dRaTYgpMA2WVrRYNkeAOABKIuyn/Sf8kMtqiIuaRIREWYCIiAIiIAqoiugAsl/kUsBboZXyiQje4NtYFEXXH7Jfx/tEGKtp0fa1+MYY1wu0zAEcQQQURcS5LI+oS0XOnWftVMreCIhAyt4JlbwREAyt4IiID/2Q==','This is 3 sample description',21000,'Sample mobile product',86),(9,'SamToys','Toys','/9j/4AAQSkZJRgABAQAAAQABAAD/2wBDAAsJCQcJCQcJCQkJCwkJCQkJCQsJCwsMCwsLDA0QDBEODQ4MEhkSJRodJR0ZHxwpKRYlNzU2GioyPi0pMBk7IRP/2wBDAQcICAsJCxULCxUsHRkdLCwsLCwsLCwsLCwsLCwsLCwsLCwsLCwsLCwsLCwsLCwsLCwsLCwsLCwsLCwsLCwsLCz/wAARCADRAM8DASIAAhEBAxEB/8QAGwABAAIDAQEAAAAAAAAAAAAAAAQFAgMGAQf/xAA8EAACAgECBAQDBQYFBAMAAAABAgADEQQhBRIxQRNRYZEicYEUMkKhwQYjUrHR8CQzcoLhFTRikqLS8f/EABoBAQADAQEBAAAAAAAAAAAAAAACAwQBBQb/xAAmEQACAgEEAgICAwEAAAAAAAAAAQIDEQQSITFBURMUIjIVQmHR/9oADAMBAAIRAxEAPwD63ERAEREAREQBERAEREAREQBERAEREAREQBERAEREAREQBERAEREAREQBExd0RWd2CqoyzMcADzMpb+Oc3iLo6s4JUW25AyO6p/LPt5zhBzeInG1FbmXk8LKoyxUDzJAH5zkbLdZqs+Lfa2GyVLEBT/pHw/lNR07HI2DqMg42I6Zx/OalpH5Zn+wvR2YIIBGCPMdJ7OLqfVaZlspses86o4QnlySMEqdsd/8A8my3XcQ1ly12W8teAAteUQMo3LAHcn5zPOpweGbqa/mWYM7CJz+l176Zq6nua6nIVi4JKA7ZRupA8p0EqFlUq3iQiIgqEREAREQBERAEREAREQBERAERKnX8UNDnT6VVe4bWM26Vny9T577ep2AnCEpvES2ka7W6LTg+JcnMPwIeZz/tXec5Y+v1G917tnflBwvsNvymoUeZMltNkdG/7Mk67W2690r3r043Cc33z5uRNApI3Bwdsg9CPUTYtYAwRN6Vt23H8LfoZZFuPRrdMNmxrg1AYKNyHmGx5cEFT167z1iMqVRyVbuAMg7EEk+UkfugDzDBH8QmvY7jH0xLvsTMX8dS3nkjshLFjsMABQcjbOC3ruZGtqxkjbY5+UtuSsqCeXcfWU/FeI8H4adOmu1tFB1A5q638RrrE6cwrrVmC9dyBM85uXMjdVCFcdseEZUOVNRcK+OV8NnlcA5wcTsabBbVVaAQLEVwD1HMAcTjEeq5EtqdLKrRz1PWQysCPwkfWdfovG+y6bxhi3w1DDABHlkDvjGZWZtauEyRERB5oiIgCIiAIiIAiIgCIiAIiIBo1dx0+mvuH3kT4P8AWxCr+ZE56irmO5JZiSxO5PfeXPFf+0I87aR88NzfpKmksWHKuPVv0Ak4no6Rfg2iQaUVST29ZoIE2WE7Au2euwUD88zSSwBIYHG/xDH5r/SdN0E8cnuB5+821uF2O49MbTkf2n4/xDRPdoeHC2p1CVW6uoVkre6hsZcHCqNthkn5bwv2e4xxq/XvTfrLtXpXoV86lV8RHDlCUbHNvvsSRtMy1EHPYjMtRCdnxI7211YAL0G+47zQVXyHtPVbPMD95Tg+oIyDPCZozk1JY4JFfh8tYKj4mCkj1bE+N8a+08R41xDVubWDaq0JzjAREJrStB/CoAH97/WzzFSMkeXofOUt/B9NZqn1B5U8RzYy8hI5yckqR2PWU2R3YI/EnJN+DTwKm2nhdasMMtyuo8iV3x+U+iiczoNNXZqNNp0GK6T475xkhCDv6k4E6f3k0sLBg101KaSESmH7RcMe+6ikai4U3Gm62pFNSsBvglgSO2QPeZ8U4omn4a2q01gL3slGnYDJV3OC3Kd8qMnp2k1CXHHZ525Huq41p9PcaKq21FiMVt5GCpWR2LEHJ88CSdJr6NUSgDV3BeY1vjOPNSNiJzejpSlVO5NgLHO+/U7nfebmtdHqur2sqbK9tx2+R6GbXpY7eOzMr3n/AA6qJzR4zq9ZrNRVpWajT6fkXn5ATZbyhnUlx+EnGMds532tdHr1uFqXFVemvxGckKjVjOX36Y7/AN4yypnGO5l6ti3hFhE0U6rS6guKbQ5Q4OAR6ZGRuJv95U012WZyIj3icAiJD1+ur0NasV5rLG5aq845iOpJ8h/fWDqTk8ImRKnTcVexgNRSqKxxz1sSFz05gf6y2glOuVbxJEDiyltE5H4LKnOPINjMqEOcfKdKyqysrAFWBVgehB2IlNqtENKvi18zVAgFerID0OfKTi/Br0tqj+LI3IWbJcAY79NpqYZDL2IxPTdWOob/ANTNTXqOisSfPAhnpI57i3A9bq9c+q05oZbba9SUt8QNVqFXlLhVYKw7jyz6Zljwngy6AWW32c11rc9tlmAzEbAADsOwH6yabzjIRP8AdkzDx8fipHyA/rKI0QjJzS5K41QhJyiuWSQCbLLAQFblCqy7gKoXJIMy/wB6/RW/rIbXsQT4igD0GPeYq72Yw5YHuDt+UuLSUzqOrH6YUfnkzAvn7g74z/UneYpUNidz5mbQg+LrjYEDbJx59ZxnRorfs+sosz8PP4dxz+Gz4N/lsfpJv7ScU02j4drtOmoQa3U1HS0VqwLq137vmYDcAZzmVrgA4IGGHIR28wP5zhdcmso4vbRqLjZW7eNQbPvvUzbfF3I6H+8zrjuZ5utr5U0dfwuoU6XTqFCsKjU6jsU6D6b4m2+sWNpnLHFNrWKuTy/vF5W26Z/pNdF2VBUdSHBPny4O02HmbE9dJHzsm2zerKAoH4WI28t5izE++d5ioM95SeslkieUkVc5AHxWGxsbZJHLMbQtylHzyMVFgViOZAwYq3oehEz5BHIJFhFnw26v7VQibLyvWB0wACR+ku7baKU57rErTIHM7BRk9AM95ylFg09lOoZiEpsWxwBk8i/ewPPGZpp1Wo4rcdfq1KLzlNLpiSBTQTjDgbFz1Y/oJ5up/bJ62j08rFjwdgl+nsrNqWoa1BZmzsoAyebPSV68XViWGnJoz8D8453X+MLjGD23lRbbf4d1dDhBeK0u2+9UGDMB6kZH19stsBFAwNlA6AAnEzZPUhoopvd0SdTqjq3535loXPhVeeCRz2YOCTsR5Sueu67V1ubCakqFaocnkIYn4fSS/AyAM5zgfKe+E1By2fQEYg1whCCSijcAlS8uB03zLnSc/wBm0/Pnm5B1647Z+mJXcMqNz3aiwZRP3VYO4LbMzY9NgPrLedyeZq7E3s9HsxZVdWVgCrAhgehBmUThhKa/hFpY+DanIei28wI9Mrn+Uwr4I5Ob9QAPKlck/wC5/wD6y8idyaPsWYxkhVcL4bVg+ArsPxXZsP8A8tvykoJWowqIB5BQB+QmcThS5Sl2yt4zWr8N1WK1dkNVigjpyuMnb0zOeoWkAEDlPkZ2RVWBVgCrAhgehB2IM5FDysyvXysjMpAzgEEjoZKJv0cuHE3jE9Hcd85+kBs9BBGfnnb5wzeabVz069vmNxKDj/D/ALZRTdSOXVaVhqKHHUISosQ+hH5idE+5IXfB69h8zNPhhsr1z944hPB1xUlhkTh37yoJYOW1MBx6+Y9JP8OamqNbC2sbrsQPxL5SaClirYmMOu49RPSps3Lk+b12m+GeV0yPyiehGPaS1QFVbAwR/LaeHkHqfIby3cYdpEK42M9xNluCQdhtjHU/WYZABPpt8ztO5I45IloZmKZ+Hrjz+cICuB93p02+Rmbcqh3Y8qqrM7eSqCzH6AGc1wv9odVruKXad66Ro7iBpCtbrZWCoZRYzHJJ6NkfLA2njX2JWYZ9bpdsYRj5aOp5G2yTjYfpJFQA64E0o+U38pnn19ZE1PJVcf119VV2nostp/wvjtZWMfDz/Fzt2AAO3fPtp4FVrrNXrFV3NN3hBamusurrtYFsqX7heUvjzlq3DBxTU1ENaprTltKsBWay3MBYCCT3xjHX26XR6HSaKta6EAwMFsbnuZkVNjvdknx4R4891N7scs+l/wBNtFKaequpPuoMZ7knck/ObYibDI228sREQcEREAREQBOf4lX4erZuT4bER8juejGdBIXEaTbp2ZRl6T4g/wBI+8Pb+U6i+ieyaZSqwxgAwe/T6/rPA58jPeuc7ADJ+Ukz2EYnmblAHXoNth9Jn4fIMdzuZJorQDnbq2M/+I8pW8T4pwzhdX2niGoWlLGZalCtZbaVGSK60BY42ydgM9d9+Pjs6ppdkgiYKllDkj/IuC2Kc/5dmeUj5Hr9fWQeG8c4PxfbR3vz9eS+pqXI81ByD7y2uKFFU4KgcuDuCJOue15RTqKldDYzEvjO2eu3YH5TU1lh26D0ExLitiGyUH3X649Hxv8AWZbEZGCPQ5H5T0oyjLlHzNtNlUtskY4YneeHb5DeZ7Ab7D17zVYy4YkhUUFmZjgADckk9hI2WKCLNNppXzSS49mm4FqLk5iptW2oEdQ1tbIvX1wPrKPhXDFTVLdynFbczFuux5tye5Mtmt1NyN4FFXhMMc2rFnxjzFaYOD6n6TboG1d7rprNOE1BO3hu1lLKOrh2AYAd8j37+M0pSyz6zaoLd6Nu4GPn/OZ1VvfalNQ5rHzjJOABuWY+Qk3TcE1ZJOt1FXLlvh0obcHp8Vg29jLbSaHSaJWWlTzNjmd2LO2OxJ7SeDFbrIJfjyz3R6RNJVyA8zseax8Y5m6bDyHaSYidPJlJyeWIiIOCIiAInmYgHsTzM8yIB7mYtysrK3RlKn5EYjImBMA5a2+jS6oaK+5arXZ1o8U8q3lOq1sduYdx13zuOmxHFmeQ5rU4LDozjqAfT++k28Xq4dqrn099FN6YXx1tRbK/EHT4SOo2yZjWiIiJWqqiKFRUACqo2AUDbEnye5VLMEyQlmFwdttp8/8A2y4frNbxDS2AE0roa6qgMkj43Ni+W56/Sd9tjpNF9FVoHMoIB5gDkYbpkESE47lgs2xl+xyn7O8Ks0qI7DDDBGOoM6nBPi5PRmx/OYWWUaSsM7LWC3ImMvY7fw1ooyT8gZpFvEnBNOiRK+x1lxVjnuUqVsf+0iuFgufPRMIHvvMCifwj6bfykH7bq6LEr12j8KtiETU0W+NRzdAtmVV1J7ZUj1zsZ3MOsmn6K5Rz2eEAdBIpT7ZqLKd/s+ldPGwceJqRiwLt2TYn1P8A4zdqNRXp6rr3I5aa3tIJHxcilsb+fSa+DqV0elDnNti+Nc3drbSbHJ+pM43llkVtRPWkAfFsvn5/OYlKlZWrYo6nKspwwPpMtVqaNPXZde3LRSvPYc42yFAB9SQPrOLfi/G9RbQy3ClqtatD6fT2ZpbJNpr8LGCoTGSckkjpKbb41tRfbMduojCca5dyPpmi1Z1ClLP85AC2Ng69OYD+cmzm9NYaraLenKyhv9D4DD+/KdHLjztTUq58dM9iIgzCIiAJ5PYgHk8z1mU8IBgGOZ5mekTVY6112WHcIpYjzx2+sDsxv1Gn0yeJdYEBzyjqzEdlUbyk1XGNaRilaqVIBVv8xyD3BPw/lNWpL2t4lh577Nz15UHZFEjNUMlbFO/RVG6n0ksHr0aSMVmfLNWlZntsDOWLDm+I7k53/wCZMNi1uKyTuvPn8IySMH1lef3VlTL2YEEdwDibdcmbA/M2Fx8IOEbl3UsO+JzPBucU3gn+IAPMek0ajWVUVWWvzNy4CVpjntsbZa0B7n/ntKheJPU3LcFavnCB8EOu2SSRsR07TDX3U6azQ6/UO7V0Wk011rzgllwxG/XBnJPg4ko9lzotI/P9q1nK+tsXBxvXp0O4ppB6Adz1J3PkLPkHTGc9pHpsVgjDoyhhkY2IyNpB41q7KKdLXWLP8Va6Oa8BiiqPhBJAwSRn5eshZONUHN+DPdd8cHPwiQ9vD7nbSjUaey8K4enxFLlVHxfD3x3xmUfEOMaThtj6ezxbLUVT4dWByqy8ylmbzldw6vV3W8HpawvdotUASKuQqmnLq15c5Px5CqM4xnrjMy/abQWXcUWxCoWzS1Kebzrd1/pKKLndHdjBTp9Xvq+SawiPZxLUcTS2rA09NgKcqYZyD3Zm/wCJO4HquJaH/DcRCPQrBdNq1dcsDn4LE+9keeP6nTw/hVI5fE1Bx3FYAPuZYcWWhDwvSaOvPItuovK7tzPyovO3yBP1l+GuS+GphZNQiW+to+26eypLGQWhcOmCVKsHBAOx6b/ORNNwunTuLrWN1/ZnAUDv+m/ynvDndByNkD+E/hlutdY5Gswchm37CHXGUtzXJZKuKlua5IzMOVvi6g+/znUKcqvqqn8pzVvIxPKMDGJZcIubks0zNnw8PVnr4Z2K/T9ZMx6yG6CkvBaxtPIg8o92ns8nsAREQBERABGZHvoNtdlfNgOBuBnGCD0kiIOp4eUc/bp7NNYWI5wNw3KQPbeV1tyqxc2IG5i3xMBv9Z2BUEYIBHrI76HQ2bvRWfmBO5NsNbNdrJwtmr0pNivfXlgW2y3xjf8ACD16SVq9RRZSHrsRgVHQ98d87zr14dw5Nxpqv/UTJtJoyBmik46ZRf6ThP78s9HzZaLtQwSqp7W8q1JGSc7t0/OWNv7Oa2/hzJqLEr8N1sUMSQoJwVBG+T29cTs7H0WlAVjXWSMqiLlyPMKozKzW6izUlEqVhSnxENgM7eZAyNu2/wDxzGeCULbr5JrhGlMdOmO3kJr1mi0uuqFOpTmVXFiEEhkcAjmUj2M3Iuw2g49foTJNJrDNuE+GaNLpNNpARUFztvjGT5nv+cp+OoWt0rDtU4Pn9/Il7nY/M479NpT8VZSw5vwqBv7yCSXCM2qwqminoOpexKaBzWt0BJCqPNiN8TodPoTpa67dTYLDc58R+Xlwx8l/h8t+0rOCotQ1mof4newqD5LnAUToFDWBHsPUDC9lXp0ney6ihVJNds8toqCLYhBYdlHbzMzyWVST2E2W+HSUKfdOUYHvnuJpJAGO3aSLk8rJixkvhf8A3ROelD7eeSokEmTeF8xu1D5HKtar6gs2f0nCjUPFbLzIno3mCKx3PSbQMQeGexEQBERAEREAREQBERAEga3Wmk+DQA17DJzutanuR5+Q/szienzE5y208+pf8Vlj79+XPSdRp01Sslz4BLfvbHfnsYjmLfeJHljtPTdaQFVQNh0GSfWYcgRVYnLNuB5CZ86LWrKSGxhsnY4MHr8LpHq8wX4gQc9+8xO8xFhdmz05cj1njvgH5GdGDxiAB8ifckzRdwltdpw5JV2LsPlnAzMiWblVRljhFA6k9Jf6bTla6kJyERVJ8yBImPWSW1ROMXgvHaCFqPNUGD8pAKkj8/zlqv8A1FQBZw/U5AAJqKONvLJBnVgAbCewYoaiyCwmcjcdby7cN17E4/DXtv8A65t8PUsq40+pz5Gl8/XbH5zqYgtWssXo5urh3ELSM1eEh6taVyB6KpJlzo9FTpKyqkuzHmd27npsB2kuIKrL52LDG0REFAiIgCIiAIiIAiIgCIiAeEA4lfqeHV2czVqFcnJwTgn5dJYxBKM5ReYs5+3R6xT/AJbNjpynO31mg6TXn7ulc+XMyr/WdPEGj7duMZOZTQcZLLnT0qu+T4pzg/SSRwnWORztWg74JY/SXsQR+zb7IOm4bp9OQ5y9mMczdvkJO2iIKZScnliIiCIiIgCIiAIiIAiIgD2j2iIA9o9oiAPaPaIgD2j2iIA9o9oiAPaPaIgD2j2iIA9o9oiAPaPaIgD2j2iIA9o9oiAPaPaIgD2j2iIAiIgCIiAIiIAiIgCIiAIiIAiIgCIiAIiIAiIgCIiAIiIAiIgH/9k=','Take-Apart-Toys-With-Tools',720,'Toy Dinosaur ',10);
/*!40000 ALTER TABLE `product` ENABLE KEYS */;
UNLOCK TABLES;

--
-- Table structure for table `review`
--

DROP TABLE IF EXISTS `review`;
/*!40101 SET @saved_cs_client     = @@character_set_client */;
/*!40101 SET character_set_client = utf8 */;
CREATE TABLE `review` (
  `review_id` bigint(20) NOT NULL AUTO_INCREMENT,
  `date` date DEFAULT NULL,
  `rating` int(11) NOT NULL,
  `review_text` varchar(255) DEFAULT NULL,
  `product_id` bigint(20) NOT NULL,
  `user_id` int(11) NOT NULL,
  PRIMARY KEY (`review_id`),
  KEY `FKiyof1sindb9qiqr9o8npj8klt` (`product_id`),
  KEY `FKiyf57dy48lyiftdrf7y87rnxi` (`user_id`),
  CONSTRAINT `FKiyf57dy48lyiftdrf7y87rnxi` FOREIGN KEY (`user_id`) REFERENCES `user` (`user_id`),
  CONSTRAINT `FKiyof1sindb9qiqr9o8npj8klt` FOREIGN KEY (`product_id`) REFERENCES `product` (`product_id`)
) ENGINE=InnoDB AUTO_INCREMENT=14 DEFAULT CHARSET=latin1;
/*!40101 SET character_set_client = @saved_cs_client */;

--
-- Dumping data for table `review`
--

LOCK TABLES `review` WRITE;
/*!40000 ALTER TABLE `review` DISABLE KEYS */;
INSERT INTO `review` VALUES (11,'2024-11-15',4,'Great product!!! nice quality',9,3),(12,'2024-11-15',1,'Product damaged!!! worst packing....',1,3),(13,'2024-11-14',3,'Nice product!!!',9,3);
/*!40000 ALTER TABLE `review` ENABLE KEYS */;
UNLOCK TABLES;

--
-- Table structure for table `user`
--

DROP TABLE IF EXISTS `user`;
/*!40101 SET @saved_cs_client     = @@character_set_client */;
/*!40101 SET character_set_client = utf8 */;
CREATE TABLE `user` (
  `user_id` int(11) NOT NULL AUTO_INCREMENT,
  `email` varchar(255) DEFAULT NULL,
  `mobile_number` varchar(255) DEFAULT NULL,
  `password` varchar(255) DEFAULT NULL,
  `user_role` varchar(255) DEFAULT NULL,
  `username` varchar(255) DEFAULT NULL,
  PRIMARY KEY (`user_id`)
) ENGINE=InnoDB AUTO_INCREMENT=5 DEFAULT CHARSET=latin1;
/*!40101 SET character_set_client = @saved_cs_client */;

--
-- Dumping data for table `user`
--

LOCK TABLES `user` WRITE;
/*!40000 ALTER TABLE `user` DISABLE KEYS */;
INSERT INTO `user` VALUES (1,'admin@gmail.com','1234567890','$2a$10$WQQupswJDcrnFHqk5CHVM.K0Z12gOGBdWcyAxMcWWMScvANJNgCyG','Admin','admin'),(2,'user@gmail.com','1234567890','$2a$10$80LrxzQhXnyFFYMxjkHOzepsxiCCufywpCdrUNCIAuDGG06yMmPeW','USER','Demo@123'),(3,'user2@gmail.com','1234567890','$2a$10$RMQUZLzPb24MceFzuOtK/./tQDmHe1qhoB1iO4z73vbwzX05twgr6','User','User'),(4,'demouser2@gmail.com','7373297990','$2a$10$l.CM/op16rqtVpggQaNKuuQvCD8VUsbVDWw2WPvfaoyNPW.GaBBqe','User','demo');
/*!40000 ALTER TABLE `user` ENABLE KEYS */;
UNLOCK TABLES;
/*!40103 SET TIME_ZONE=@OLD_TIME_ZONE */;

/*!40101 SET SQL_MODE=@OLD_SQL_MODE */;
/*!40014 SET FOREIGN_KEY_CHECKS=@OLD_FOREIGN_KEY_CHECKS */;
/*!40014 SET UNIQUE_CHECKS=@OLD_UNIQUE_CHECKS */;
/*!40101 SET CHARACTER_SET_CLIENT=@OLD_CHARACTER_SET_CLIENT */;
/*!40101 SET CHARACTER_SET_RESULTS=@OLD_CHARACTER_SET_RESULTS */;
/*!40101 SET COLLATION_CONNECTION=@OLD_COLLATION_CONNECTION */;
/*!40111 SET SQL_NOTES=@OLD_SQL_NOTES */;

-- Dump completed on 2024-11-15 17:41:46
